BrightDock LLC,Rijeka, Croatia,BrightDock LLC@gmail.com
Miodrag S.,Belgrade, Serbia,Miodrag S.@gmail.com
Programmatis,Shawnee, United States,Programmatis@gmail.com
Creative Web Expert,Rajkot, India,Creative Web Expert@gmail.com
Codegenio,Islamabad, Pakistan,Codegenio@gmail.com
Jay P.,Nagpur, India,Jay P.@gmail.com
RedLayers,Rotterdam, Netherlands,RedLayers@gmail.com
ELAUNCH SOLUTION PVT. LTD,Surat, India,ELAUNCH SOLUTION PVT. LTD@gmail.com
eTranslators,Phulbari, Bangladesh,eTranslators@gmail.com
Biplab P.,Kolkata, India,Biplab P.@gmail.com
The Web Crew- Php Expert,Islamabad, Pakistan,The Web Crew- Php Expert@gmail.com
Narola Infotech,Surat, India,Narola Infotech@gmail.com
ITYPE Designs,Ahmedabad, India,ITYPE Designs@gmail.com
Khalida T.,Turkey,,Khalida T.@gmail.com
FixIT Consultancy,Pakistan,,FixIT Consultancy@gmail.com
Christian D.,Porto, Portugal,Christian D.@gmail.com
Tretanz Infotech,Rajkot, India,Tretanz Infotech@gmail.com
Ananta Mohanta,India,,Ananta Mohanta@gmail.com
Elite Information Tech,Jaipur, India,Elite Information Tech@gmail.com
Ador T.,Bogra, Bangladesh,Ador T.@gmail.com
OweBest Technologies Pvt.,Jaipur, India,OweBest Technologies Pvt.@gmail.com
Imara Software Solutions,Puttalam, Sri Lanka,Imara Software Solutions@gmail.com
Muhammad A.,Lahore, Pakistan,Muhammad A.@gmail.com
RamziTRA,La Soukra, Tunisia,RamziTRA@gmail.com
Worldtranslator,Bangladesh,,Worldtranslator@gmail.com
Yasir K.,Lahore, Pakistan,Yasir K.@gmail.com
Mohsen E.,Yerevan, Armenia,Mohsen E.@gmail.com
U Web Media,Jaipur, India,U Web Media@gmail.com
Suresh K.,Jaipur, India,Suresh K.@gmail.com
ApexWebCube,Jaipur, India,ApexWebCube@gmail.com
Augurs Technologies,Lucknow, India,Augurs Technologies@gmail.com
1EasyEcommerce-New Jersey,Ewing, United States,1EasyEcommerce-New Jersey@gmail.com
ART LAND DESIGN,Yerevan, Armenia,ART LAND DESIGN@gmail.com
Rahul -.,Umerkot, Pakistan,Rahul -.@gmail.com
Temitope O.,Lagos, Nigeria,Temitope O.@gmail.com
theDesignerz,Islamabad, Pakistan,theDesignerz@gmail.com
Md Fahomid H.,Uttara, Bangladesh,Md Fahomid H.@gmail.com
Abhas K.,Bangalore, India,Abhas K.@gmail.com
InstaServ India Pvt Ltd,Delhi, India,InstaServ India Pvt Ltd@gmail.com
Amr S.,Egypt,,Amr S.@gmail.com
Logictrix Technologies,Jaipur, India,Logictrix Technologies@gmail.com
Webcapitan,Vinnytsia, Ukraine,Webcapitan@gmail.com
Deepak K.,Jaipur, India,Deepak K.@gmail.com
Guillermo Fabian M.,Larnaca, Cyprus,Guillermo Fabian M.@gmail.com
Md I.,,Jessore, BangladeshMd I.@gmail.com
Aleksandra V.,Skopje, Macedonia,Aleksandra V.@gmail.com
POINT OF VIEW,Kozani, Greece,POINT OF VIEW@gmail.com
?THE MARKETING MAVERICKS™,New Delhi, India,?THE MARKETING MAVERICKS™@gmail.com
Kolte Technologies,Surat, India,Kolte Technologies@gmail.com
Tangram Canada Inc.,Canada,,Tangram Canada Inc.@gmail.com
eDATAEXPERT,Sargodha, Pakistan,eDATAEXPERT@gmail.com
Shanti Infotech,Indore, India,Shanti Infotech@gmail.com
BVM Solution,Jhunjhunu, India,BVM Solution@gmail.com
WhizPool,Pakistan,,WhizPool@gmail.com
Shyam V.,Ujjain, India,Shyam V.@gmail.com
Muhammad F.,Karachi, Pakistan,Muhammad F.@gmail.com
Diana I.,Lagos, Nigeria,Diana I.@gmail.com
PiZone Infotech Solution,Jaipur, India,PiZone Infotech Solution@gmail.com
CV Infotech,Gurugram, India,CV Infotech@gmail.com
S M Zahed K.,Bangladesh,,S M Zahed K.@gmail.com
Inderjit S.,India,,Inderjit S.@gmail.com
Paris Pallas,Salamina, Greece,Paris Pallas@gmail.com
Md Delowar H.,Dhaka, Bangladesh,Md Delowar H.@gmail.com
Yilmaz Satti | UIX,Bursa, Turkey,Yilmaz Satti | UIX@gmail.com
Muhammad Ashar K.,Karachi, Pakistan,Muhammad Ashar K.@gmail.com
Avtar Singh S.,India,,Avtar Singh S.@gmail.com
Antonio P.,Italy,,Antonio P.@gmail.com
Fab Dezines,Amritsar, India,Fab Dezines@gmail.com
TAFSOL Technologies,Karachi, Pakistan,TAFSOL Technologies@gmail.com
RajShree Pvt Ltd,Jaipur, India,RajShree Pvt Ltd@gmail.com
Michael S.,Cairo, Egypt,Michael S.@gmail.com
B-X Technologies,Lahore, Pakistan,B-X Technologies@gmail.com
OP3NSOURC3,Pakistan,,OP3NSOURC3@gmail.com
Dezine Geek,Islamabad, Pakistan,Dezine Geek@gmail.com
Dipti S.,Pune, India,Dipti S.@gmail.com
SkyHawksFusion,Islamabad, Pakistan,SkyHawksFusion@gmail.com
David J.,Salamanca, Spain,David J.@gmail.com
XIPE TECH,Kanpur, India,XIPE TECH@gmail.com
Waseem H.,London, United Kingdom,Waseem H.@gmail.com
Khudam M.,Pakistan,,Khudam M.@gmail.com
Arusha R.,Karachi, Pakistan,Arusha R.@gmail.com
TheMadFox Consulting,Bogotá, Colombia,TheMadFox Consulting@gmail.com
Mathew C.,Newcastle, Australia,Mathew C.@gmail.com
Melody W.,Nanaimo, Canada,Melody W.@gmail.com
DOLOGY Infotech,India,,DOLOGY Infotech@gmail.com
Harish Kumar,Mohali, India,Harish Kumar@gmail.com
Jitendra S.,Bagli, India,Jitendra S.@gmail.com
Dream Dezine,Pakistan,,Dream Dezine@gmail.com
SovoSowravDatta,Farmgate, Bangladesh,SovoSowravDatta@gmail.com
Rajesh M.,Surat, India,Rajesh M.@gmail.com
Harry,Malout, India,Harry@gmail.com
NXSOL PRIVATE LIMITED,Rajkot, India,NXSOL PRIVATE LIMITED@gmail.com
HireSEOAnalyser,Pali, India,HireSEOAnalyser@gmail.com
Rajat C.,Sylhet, Bangladesh,Rajat C.@gmail.com
ArhamSoft Pvt. Ltd.,Lahore, Pakistan,ArhamSoft Pvt. Ltd.@gmail.com
codingWWW,Deoband, India,codingWWW@gmail.com
Explore Logics,Attock, Pakistan,Explore Logics@gmail.com
Umar F.,Pakistan,,Umar F.@gmail.com
Tanushree C.,Kolkata, India,Tanushree C.@gmail.com
Cloud Web Labs,Ahmedabad, India,Cloud Web Labs@gmail.com
Cj P.,Sarasota, United States,Cj P.@gmail.com
Pro Digital Experts,Jaipur, India,Pro Digital Experts@gmail.com
Infosparkles IT Solution,Indore, India,Infosparkles IT Solution@gmail.com
Ramya K.,Chennai, India,Ramya K.@gmail.com
Blur Frame Studio,Istanbul, Turkey,Blur Frame Studio@gmail.com
DAYDREAMSOFT INFOTECH LLP,Surat, India,DAYDREAMSOFT INFOTECH LLP@gmail.com
Mizanur R.,Bangladesh,,Mizanur R.@gmail.com
Oleksii B.,Kharkiv, Ukraine,Oleksii B.@gmail.com
flyerEXPERT,Sri Lanka,,flyerEXPERT@gmail.com
Ankit H.,Ratlam, India,Ankit H.@gmail.com
SeoQueen786,Jaipur, India,SeoQueen786@gmail.com
eFeeders Tech,Jaipur, India,eFeeders Tech@gmail.com
Mohit J.,Indore, India,Mohit J.@gmail.com
Emdyarts,Indore, India,Emdyarts@gmail.com
Omer Faruk S.,Bandirma, Turkey,Omer Faruk S.@gmail.com
Black Box 3D Art Station,Istanbul, Turkey,Black Box 3D Art Station@gmail.com
Prime SEO Hub,Alwar, India,Prime SEO Hub@gmail.com
Quick Website SEO,Jaipur, India,Quick Website SEO@gmail.com
Umar N.,Peshawar, Pakistan,Umar N.@gmail.com
Preet Kamal B.,India,,Preet Kamal B.@gmail.com
WebExert,Lahore, Pakistan,WebExert@gmail.com
LIYAN IT SOLUTION PVT LTD,Bharatpur, India,LIYAN IT SOLUTION PVT LTD@gmail.com
BTranslated Professionals,Phulbari, Bangladesh,BTranslated Professionals@gmail.com
Aisha A.,Karachi, Pakistan,Aisha A.@gmail.com
Desource Translation,Dinajpur, Bangladesh,Desource Translation@gmail.com
The Coding Company,Wichita, United States,The Coding Company@gmail.com
AgileTech Studio,Lahore, Pakistan,AgileTech Studio@gmail.com
Seabit Media,Kolkata, India,Seabit Media@gmail.com
Prerna Trimurty Infotech,Jaipur, India,Prerna Trimurty Infotech@gmail.com
Puru G.,Bikaner, India,Puru G.@gmail.com
Ambar S.,Kolkata, India,Ambar S.@gmail.com
KESHAV INFOTECH,Rajkot, India,KESHAV INFOTECH@gmail.com
gurjeetsingh344,Bathinda, India,gurjeetsingh344@gmail.com
Makhjan Ul I.,Dhaka, Bangladesh,Makhjan Ul I.@gmail.com
Raman L.,Jaipur, India,Raman L.@gmail.com
Kariman K.,Egypt,,Kariman K.@gmail.com
Teknowledge Mobile,Kolkata, India,Teknowledge Mobile@gmail.com
iSyncEvolution Pvt Ltd,Ahmedabad, India,iSyncEvolution Pvt Ltd@gmail.com
Dharamveer S.,Ludhiana, India,Dharamveer S.@gmail.com
Swapnil P.,Dhaka, Bangladesh,Swapnil P.@gmail.com
Eagles,Wah Cantt, Pakistan,Eagles@gmail.com
Khalid Saied Abd-Elmonem,Asafra, Egypt,Khalid Saied Abd-Elmonem@gmail.com
Armando M.,Cesinali, Italy,Armando M.@gmail.com
Vinod B.,Dhar, India,Vinod B.@gmail.com
VPN INFOTECH,Surat, India,VPN INFOTECH@gmail.com
Young Decade IT Software,Indore, India,Young Decade IT Software@gmail.com
Achyutam Technology,Jaipur, India,Achyutam Technology@gmail.com
IDEFCO Infotech PVT LTD,India,,IDEFCO Infotech PVT LTD@gmail.com
Gaurav C.,Radaur, India,Gaurav C.@gmail.com
Bahadir B.,Thermi, Greece,Bahadir B.@gmail.com
Usman N.,Lahore, Pakistan,Usman N.@gmail.com
Loghin S.,Pascani, Romania,Loghin S.@gmail.com
Deepak K.,India,,Deepak K.@gmail.com
Vipin Jain,Jaipur, India,Vipin Jain@gmail.com
Rabiul K.,Kashiani, Bangladesh,Rabiul K.@gmail.com
Baljeet S.,Mohali, India,Baljeet S.@gmail.com
Lalith K.,India,,Lalith K.@gmail.com
WebTechSEO,Jaipur, India,WebTechSEO@gmail.com
Chetan T.,Pune, India,Chetan T.@gmail.com
Francisco Rui P.,Lisboa, Portugal,Francisco Rui P.@gmail.com
Md Neamat Ullah H.,Dhaka, Bangladesh,Md Neamat Ullah H.@gmail.com
Bhawan Deep S.,Mohali, India,Bhawan Deep S.@gmail.com
Simia Animation.VFX,United Kingdom,,Simia Animation.VFX@gmail.com
Md M.,Dhaka, Bangladesh,Md M.@gmail.com
Vision Vivante Pvt Ltd,Zirakpur, India,Vision Vivante Pvt Ltd@gmail.com
Sachdev Technologies,Indore, India,Sachdev Technologies@gmail.com
Bhavin S.,Surat, India,Bhavin S.@gmail.com
Wordpress Rock Star,Lahore, Pakistan,Wordpress Rock Star@gmail.com
Webwised,Karachi, Pakistan,Webwised@gmail.com
Ravikant P.,Panna, India,Ravikant P.@gmail.com
Convergent Infoware,India,,Convergent Infoware@gmail.com
Foxy Technologies Pvt Ltd,Ahmedabad, India,Foxy Technologies Pvt Ltd@gmail.com
Marko A.,Kosjeric, Serbia,Marko A.@gmail.com
DINOTECH SOFTWARE. SOL.,Jodhpur, India,DINOTECH SOFTWARE. SOL.@gmail.com
HELPFUL INSIGHT SOLUTION,Jaipur, India,HELPFUL INSIGHT SOLUTION@gmail.com
Aftab Y.,Gujrat, Pakistan,Aftab Y.@gmail.com
Filip S.,Reading, United Kingdom,Filip S.@gmail.com
Alisharoz A.,Karachi, Pakistan,Alisharoz A.@gmail.com
Muhammad Aamir N.,Lahore, Pakistan,Muhammad Aamir N.@gmail.com
Anupam G.,Bangalore, India,Anupam G.@gmail.com
Irfan A.,Pakistan,,Irfan A.@gmail.com
Shome & Associates,Kolkata, India,Shome & Associates@gmail.com
Adroja H.,Rajkot, India,Adroja H.@gmail.com
Michael S.,Wallkill, United States,Michael S.@gmail.com
Rana F.,Surat, India,Rana F.@gmail.com
HashOne Creatives,Karachi, Pakistan,HashOne Creatives@gmail.com
eSign Web Services,New Delhi, India,eSign Web Services@gmail.com
Irwin Adi Pratiknyo J.,Surabaya, Indonesia,Irwin Adi Pratiknyo J.@gmail.com
AddonVision infotech,Jaipur, India,AddonVision infotech@gmail.com
Israr A.,Delhi, India,Israr A.@gmail.com
GraphikMIRACLE,Sri Lanka,,GraphikMIRACLE@gmail.com
Cmitexperts,Baran, India,Cmitexperts@gmail.com
chanchalSharma(Rapidbyte),India,,chanchalSharma(Rapidbyte)@gmail.com
Bernard F.,Guilford, United States,Bernard F.@gmail.com
Giovanni E.,Lima, Peru,Giovanni E.@gmail.com
Chandrasekhar G.,Eluru, India,Chandrasekhar G.@gmail.com
t4appnweb,Kosovo,,t4appnweb@gmail.com
Sachin S.,Jaipur, India,Sachin S.@gmail.com
ANC Business Solutions,Solihull, United Kingdom,ANC Business Solutions@gmail.com
Paramjot Singh T.,India,,Paramjot Singh T.@gmail.com
Gabriel Elias M.,Caracas, Venezuela,Gabriel Elias M.@gmail.com
Muhammad Usama K.,Karachi, Pakistan,Muhammad Usama K.@gmail.com
Aveliya Design,Santiago, Chile,Aveliya Design@gmail.com
Gehan M,Gamsa, Egypt,Gehan M@gmail.com
Alexei K.,Minsk, Belarus,Alexei K.@gmail.com
Carolina P.,Lima, Peru,Carolina P.@gmail.com
Yasser S.,Egypt,,Yasser S.@gmail.com
Polestar Designs,Lahore, Pakistan,Polestar Designs@gmail.com
Weblance,India,,Weblance@gmail.com
DIV SYSTEMS (DIVINE INFO),Ahmedabad, India,DIV SYSTEMS (DIVINE INFO)@gmail.com
Allumalla A.,Kharagpur, India,Allumalla A.@gmail.com
Mohammad Shariful A.,Dhaka, Bangladesh,Mohammad Shariful A.@gmail.com
Jewel Khan,Dhaka, Bangladesh,Jewel Khan@gmail.com
Niral D.,Surat, India,Niral D.@gmail.com
Homepage IT,Indore, India,Homepage IT@gmail.com
Suja A.,Ernakulam, India,Suja A.@gmail.com
Rehan Z.,Pakistan,,Rehan Z.@gmail.com
AIS Technolabs Pvt Ltd,Ahmedabad, India,AIS Technolabs Pvt Ltd@gmail.com
Charu G.,India,,Charu G.@gmail.com
Techno Exponent,India,,Techno Exponent@gmail.com
Attari Bros,Karachi, Pakistan,Attari Bros@gmail.com
Lalit K.,Amroha, India,Lalit K.@gmail.com
Borys D.,Ukraine,,Borys D.@gmail.com
Best-Translators,Dinajpur, Bangladesh,Best-Translators@gmail.com
Codemeg Soft Solutions,Rewa, India,Codemeg Soft Solutions@gmail.com
shrec,Kutaisi, Georgia,shrec@gmail.com
Web&Mobile App Developers,Ratlam, India,Web&Mobile App Developers@gmail.com
Sardar Hasnain A.,Islamabad, Pakistan,Sardar Hasnain A.@gmail.com
99webdesigns,Karachi, Pakistan,99webdesigns@gmail.com
Nabs Studio,Hyderabad, Pakistan,Nabs Studio@gmail.com
Sreeraj V.,India,,Sreeraj V.@gmail.com
Mrityunjay G.,Noida, India,Mrityunjay G.@gmail.com
Quang Thoi L.,Vietnam,,Quang Thoi L.@gmail.com
Webemy Digital Agency,Sibiu, Romania,Webemy Digital Agency@gmail.com
Gaurav G.,Sabalgarh, India,Gaurav G.@gmail.com
Marcello Jose M.,Brazil,,Marcello Jose M.@gmail.com
Hassaan Ahmad,Pakistan,,Hassaan Ahmad@gmail.com
All solutions,Karachi, Pakistan,All solutions@gmail.com
Ervin S.,Vlore, Albania,Ervin S.@gmail.com
Ibrahim K.,Satkhira, Bangladesh,Ibrahim K.@gmail.com
A B M Abu Y.,Dhaka, Bangladesh,A B M Abu Y.@gmail.com
Aditya Rao,New Delhi, India,Aditya Rao@gmail.com
Ajaykumar Narshibhai P.,Surat, India,Ajaykumar Narshibhai P.@gmail.com
Rahul Singh B.,Indore, India,Rahul Singh B.@gmail.com
Amjad I.,Lahore, Pakistan,Amjad I.@gmail.com
SEOIdeal,Barr, India,SEOIdeal@gmail.com
Sayedane Masodi,Srinagar, India,Sayedane Masodi@gmail.com
Owais A.,Pakistan,,Owais A.@gmail.com
Armia Wassef Fayez N.,Stockholm, Sweden,Armia Wassef Fayez N.@gmail.com
Sergio F.,Chihuahua, Mexico,Sergio F.@gmail.com
Mohammed Ibrahim,Maadi, Egypt,Mohammed Ibrahim@gmail.com
Shahnawaz U.,Indore, India,Shahnawaz U.@gmail.com
Andro A.,Beni-suef, Egypt,Andro A.@gmail.com
First Step Consul Tech,Sargodha, Pakistan,First Step Consul Tech@gmail.com
Murat K.,Antalya, Turkey,Murat K.@gmail.com
Apps Imagica LLP,New Delhi, India,Apps Imagica LLP@gmail.com
noumanmehtab86,Pakistan,,noumanmehtab86@gmail.com
Syeda Barshegall Z.,Toronto, Canada,Syeda Barshegall Z.@gmail.com
Harpreet Singh,Delhi, India,Harpreet Singh@gmail.com
KM3 Solutions LLC,United States,,KM3 Solutions LLC@gmail.com
Top10Rankings,Craiova, Romania,Top10Rankings@gmail.com
Ievgen G.,Kharkiv, Ukraine,Ievgen G.@gmail.com
Mohammad Munir H.,Narail, Bangladesh,Mohammad Munir H.@gmail.com
VyClean Solutions,Indore, India,VyClean Solutions@gmail.com
Mary M.,Murang\'a, Kenya,Mary M.@gmail.com
Milloret,Spain,,Milloret@gmail.com
Aqualeaf IT Solutions,India,,Aqualeaf IT Solutions@gmail.com
Dreamers Consulting LTD,Dinajpur, Bangladesh,Dreamers Consulting LTD@gmail.com
Microlent Systems,Jodhpur, India,Microlent Systems@gmail.com
Omer A.,Multan, Pakistan,Omer A.@gmail.com
David Dundas,Le Blanc, United Kingdom,David Dundas@gmail.com
Iuliia P.,Kharkiv, Ukraine,Iuliia P.@gmail.com
Expert Web Infotech,Indore, India,Expert Web Infotech@gmail.com
True Future Design,Liverpool, United Kingdom,True Future Design@gmail.com
Sangita Technologies,Jaipur, India,Sangita Technologies@gmail.com
Ivan W.,Guatire, Venezuela,Ivan W.@gmail.com
Negar K.,Sydney, Australia,Negar K.@gmail.com
Webbook Studio,Lviv, Ukraine,Webbook Studio@gmail.com
Victor Alfonso C.,Duitama, Colombia,Victor Alfonso C.@gmail.com
Mohammad Ibrahim B.,Bangladesh,,Mohammad Ibrahim B.@gmail.com
Nestor Andres M.,Santa Fe, Argentina,Nestor Andres M.@gmail.com
Rashid M.,Pakistan,,Rashid M.@gmail.com
Rohit S.,Jaipur, India,Rohit S.@gmail.com
Mercy W.,Siaya, Kenya,Mercy W.@gmail.com
ProfitbySERP,Bar, India,ProfitbySERP@gmail.com
Archtech Design,Kolkata, India,Archtech Design@gmail.com
Arif Mahmud,Khulna, Bangladesh,Arif Mahmud@gmail.com
GreencomEbizzInfotech LLP,Surat, India,GreencomEbizzInfotech LLP@gmail.com
Brandon O.,Quito, Ecuador,Brandon O.@gmail.com
Cybrok Solutions,Pakistan,,Cybrok Solutions@gmail.com
Md Rashed K.,Dhaka, Bangladesh,Md Rashed K.@gmail.com
Anthony Humberto M.,San Pedro, Costa Rica,Anthony Humberto M.@gmail.com
Sparximer,Tripoli, Lebanon,Sparximer@gmail.com
Ruchita A.,Ahmedabad, India,Ruchita A.@gmail.com
Mohamed R.,Laayune, Morocco,Mohamed R.@gmail.com
BRD Global Translations,New Delhi, India,BRD Global Translations@gmail.com
Logic Powered Solutions,Pakistan,,Logic Powered Solutions@gmail.com
TEQIZER,Kolkata, India,TEQIZER@gmail.com
Faraz A.,Karachi, Pakistan,Faraz A.@gmail.com
Bin Y.,Brampton, Canada,Bin Y.@gmail.com
Kaushal D.,Garoth, India,Kaushal D.@gmail.com
Saleh B.,Lahore, Pakistan,Saleh B.@gmail.com
SERVEROK SOFTWARE,India,,SERVEROK SOFTWARE@gmail.com
Aneesha J.,Mumbai, India,Aneesha J.@gmail.com
Encoder IT Limited,Khulna, Bangladesh,Encoder IT Limited@gmail.com
Nitin S.,India,,Nitin S.@gmail.com
Techverx,Lahore, Pakistan,Techverx@gmail.com
Andrew M.,Cairo, Egypt,Andrew M.@gmail.com
Mahammadali M.,India,,Mahammadali M.@gmail.com
Julio Cesar C.,Maracaibo, Venezuela,Julio Cesar C.@gmail.com
Minh P.,Hà N?i, Vietnam,Minh P.@gmail.com
Opencollar Tech. LLC.,United States,,Opencollar Tech. LLC.@gmail.com
Dezine Genius,Islamabad, Pakistan,Dezine Genius@gmail.com
Khurram Sattar,Lahore, Pakistan,Khurram Sattar@gmail.com
Anuj Pratap S.,Delhi, India,Anuj Pratap S.@gmail.com
Rainstreamweb,Ahmedabad, India,Rainstreamweb@gmail.com
Sirbescu A.,Lugoj, Romania,Sirbescu A.@gmail.com
Appifyou Pvt Ltd,Kolkata, India,Appifyou Pvt Ltd@gmail.com
Isabella Hills,Lahore, Pakistan,Isabella Hills@gmail.com
Joshua T.,India,,Joshua T.@gmail.com
SYMLINK TECHNOLOGIES LLP,Kolkata, India,SYMLINK TECHNOLOGIES LLP@gmail.com
Muamer M.,Zivinice, Bosnia And Herzegovina,Muamer M.@gmail.com
Pragya Jyoti P.,Noida, India,Pragya Jyoti P.@gmail.com
Muhammad A.,Karachi, Pakistan,Muhammad A.@gmail.com
NSG System Pvt Ltd,Delhi, India,NSG System Pvt Ltd@gmail.com
Mahamud R.,Uttara, Bangladesh,Mahamud R.@gmail.com
Ekkel AI (Pvt) Ltd,Lahore, Pakistan,Ekkel AI (Pvt) Ltd@gmail.com
Tripti S.,Gurgaon, India,Tripti S.@gmail.com
Denis T.,Moscow, Russian Federation,Denis T.@gmail.com
Kulvinder S.,Fazilka, India,Kulvinder S.@gmail.com
FDV + Architects,Mexico,,FDV + Architects@gmail.com
Heynner Jhoan C.,Bogota, Colombia,Heynner Jhoan C.@gmail.com
Raj Mohan R.,Chennai, India,Raj Mohan R.@gmail.com
Lead Studio,Hasilpur, Pakistan,Lead Studio@gmail.com
Md. Golam S.,Satkhira, Bangladesh,Md. Golam S.@gmail.com
Suparna B.,Kolkata, India,Suparna B.@gmail.com
Priyanka P.,India,,Priyanka P.@gmail.com
Ravi C.,Jodhpur, India,Ravi C.@gmail.com
Manoj Kumar S.,Pilani, India,Manoj Kumar S.@gmail.com
Kirandeep K.,Mohali, India,Kirandeep K.@gmail.com
IOTA IT,Dhaka, Bangladesh,IOTA IT@gmail.com
ICAD Animations,Faridabad, India,ICAD Animations@gmail.com
Cresita R.,Philippines,,Cresita R.@gmail.com
Mansour A.,Jeddah, Saudi Arabia,Mansour A.@gmail.com
Shibu V.,Aluva, India,Shibu V.@gmail.com
Raja Ahmad Ayaz N.,Pakistan,,Raja Ahmad Ayaz N.@gmail.com
KALP,Ahmedabad, India,KALP@gmail.com
Israel Oluwatobi O.,Swindon, United Kingdom,Israel Oluwatobi O.@gmail.com
Germán G.,Argentina,,Germán G.@gmail.com
Ganesh D.,Hetauda, Nepal,Ganesh D.@gmail.com
Worthply Technologies,Khandwa, India,Worthply Technologies@gmail.com
Madhur N Agrawal,India,,Madhur N Agrawal@gmail.com
Usama Z.,Peshawar, Pakistan,Usama Z.@gmail.com
Hamida K.,Dhaka, Bangladesh,Hamida K.@gmail.com
Kym D.,Paralowie, Australia,Kym D.@gmail.com
Andrei S.,Vitebsk, Belarus,Andrei S.@gmail.com
Azabache Producciones,Miami, United States,Azabache Producciones@gmail.com
Md Arman A.,Bangladesh,,Md Arman A.@gmail.com
Eclick Softwares,India,,Eclick Softwares@gmail.com
ExpertART,Sri Lanka,,ExpertART@gmail.com
Raul Alberto C.,Bogotá, Colombia,Raul Alberto C.@gmail.com
Mexin Web Infotech,Jaipur, India,Mexin Web Infotech@gmail.com
? Jasmin SEO Company,Pali, India,? Jasmin SEO Company@gmail.com
Moosa Desai,Karachi, Pakistan,Moosa Desai@gmail.com
The Creative Foundery,Pakistan,,The Creative Foundery@gmail.com
Juan Manuel G.,La Plata, Argentina,Juan Manuel G.@gmail.com
Iyad A.,Gaza, Palestinian Territory,Iyad A.@gmail.com
Neeraj T.,India,,Neeraj T.@gmail.com
iCreatewebtech,Dhansura, India,iCreatewebtech@gmail.com
Ace Web Experts,Jaipur, India,Ace Web Experts@gmail.com
Lyes K.,Algeria,,Lyes K.@gmail.com
DRvideo,Portugal,,DRvideo@gmail.com
Aziz B.,Agadir, Morocco,Aziz B.@gmail.com
YSoft Solution,Ahmedabad, India,YSoft Solution@gmail.com
UZstudio,Karachi, Pakistan,UZstudio@gmail.com
Astha Technology,Surat, India,Astha Technology@gmail.com
Bluedot LLC,Bosnia And Herzegovina,,Bluedot LLC@gmail.com
Avinash P.,Ahmedabad, India,Avinash P.@gmail.com
Imtiaz Abedin B.,Feni, Bangladesh,Imtiaz Abedin B.@gmail.com
Sahil D.,India,,Sahil D.@gmail.com
Ehsan Ullah K.,Islamabad, Pakistan,Ehsan Ullah K.@gmail.com
Waqas K,Islamabad, Pakistan,Waqas K@gmail.com
Edesigne Solution,Hooghly, India,Edesigne Solution@gmail.com
Anmol M.,Taraori, India,Anmol M.@gmail.com
Souvik R.,Falakata, India,Souvik R.@gmail.com
Meenakshi Kalra,New Delhi, India,Meenakshi Kalra@gmail.com
Rabia Shaikh,Karachi, Pakistan,Rabia Shaikh@gmail.com
Sar T.,Bantul, Indonesia,Sar T.@gmail.com
Motiur R.,Rajshahi, Bangladesh,Motiur R.@gmail.com
Livens M.,Mexico,,Livens M.@gmail.com
Jafarali M.,Palanpur, India,Jafarali M.@gmail.com
Saurabh A.,Mohali, India,Saurabh A.@gmail.com
Trivedi Infoway Pvt. Ltd.,Rajkot, India,Trivedi Infoway Pvt. Ltd.@gmail.com
Idris A.,Nigeria,,Idris A.@gmail.com
? Webleonz Technologies ?,Ahmedabad, India,? Webleonz Technologies ?@gmail.com
Rakesh K.,Karachi, Pakistan,Rakesh K.@gmail.com
Andjelija M.,Polzela, Slovenia,Andjelija M.@gmail.com
WagiGo,Sargodha, Pakistan,WagiGo@gmail.com
Olomo Ndzana C.,Douala, Cameroon,Olomo Ndzana C.@gmail.com
Marwa B.,Lahore, Pakistan,Marwa B.@gmail.com
